"","name","number"
"1","Sunil Agarwal","2177971982"
"2","Suresh Agarwal","3986617796"
"3","Sunder Agarwal","7355144765"
"4","Sunando Agarwal","5979329465"
"5","Sunita Agarwal","7415662169"
"6","Suparna Agarwal","4526154715"
"7","Suvarna Agarwal","1114811521"
"8","Sukriti Agarwal","4694717862"
"9","Sunil Mishra","2152781487"
"10","Suresh Mishra","3746972581"
"11","Sunder Mishra","1385368899"
"12","Sunando Mishra","5662847223"
"13","Sunita Mishra","2351971273"
"14","Suparna Mishra","6661466374"
"15","Suvarna Mishra","8915675699"
"16","Sukriti Mishra","3636353128"
"17","Sunil Fernandes","5462129593"
"18","Suresh Fernandes","3967555277"
"19","Sunder Fernandes","3293494944"
"20","Sunando Fernandes","6719199812"
"21","Sunita Fernandes","8154352238"
"22","Suparna Fernandes","1928733497"
"23","Suvarna Fernandes","2481752699"
"24","Sukriti Fernandes","5816414412"
"25","Sunil Khan","7713243315"
"26","Suresh Khan","2978526422"
"27","Sunder Khan","4245562694"
"28","Sunando Khan","5468249786"
"29","Sunita Khan","7753337431"
"30","Suparna Khan","1276169151"
"31","Suvarna Khan","8135942559"
"32","Sukriti Khan","9461636838"
"33","Sunil Singh","8624918641"
"34","Suresh Singh","8947442479"
"35","Sunder Singh","4947953175"
"36","Sunando Singh","8495955314"
"37","Sunita Singh","1258544119"
"38","Suparna Singh","8189594227"
"39","Suvarna Singh","8253872667"
"40","Sukriti Singh","7722988179"
"41","Sunil Agarwal","3811621527"
"42","Suresh Agarwal","2773542767"
"43","Sunder Agarwal","4224375815"
"44","Sunando Agarwal","4665196394"
"45","Sunita Agarwal","6842369523"
"46","Suparna Agarwal","6997583139"
"47","Suvarna Agarwal","5123724278"
"48","Sukriti Agarwal","9295421151"
"49","Sunil Mishra","8484537164"
"50","Suresh Mishra","6858817966"
